{
  "auc_roc_mean": 0.9420909082165516,
  "auc_roc_std": 0.012002035473273389,
  "auc_roc_values": [
    0.952483145596918,
    0.9485169379906222,
    0.9252726410621147
  ],
  "precision_mean": 0.9787548059102279,
  "precision_std": 0.006951825199575399,
  "precision_values": [
    0.98828125,
    0.9760956175298805,
    0.9718875502008032
  ],
  "recall_mean": 0.8644624381466487,
  "recall_std": 0.014884147485467724,
  "recall_values": [
    0.8846153846153846,
    0.8596491228070176,
    0.8491228070175438
  ],
  "f1_mean": 0.9180418271564905,
  "f1_std": 0.011440213114266441,
  "f1_values": [
    0.9335793357933578,
    0.9141791044776119,
    0.9063670411985018
  ],
  "accuracy_mean": 0.9288652260152416,
  "accuracy_std": 0.009612388471503516,
  "accuracy_values": [
    0.9419354838709677,
    0.9255663430420712,
    0.919093851132686
  ],
  "cv_folds": 3,
  "cv_type": "cross_validation",
  "preprocessing": {
    "original_samples": 2000,
    "final_samples": 1856,
    "removed_samples": 144,
    "removal_rate": 0.072
  },
  "processing_method": "standard"
}