{
  "precision_mean": 0.9843325487530837,
  "precision_std": 0.013388496070004119,
  "precision_values": [
    0.9932885906040269,
    0.9810126582278481,
    0.9865771812080537,
    0.9607843137254902,
    1.0
  ],
  "f1_mean": 0.919574654080559,
  "f1_std": 0.012796987711801048,
  "f1_values": [
    0.9221183800623053,
    0.9422492401215805,
    0.9187500000000001,
    0.9074074074074074,
    0.9073482428115015
  ],
  "auc_roc_mean": 0.9345264857881137,
  "auc_roc_std": 0.01960911893905174,
  "auc_roc_values": [
    0.9298546511627906,
    0.9671052631578947,
    0.9220175438596491,
    0.943625730994152,
    0.9100292397660819
  ],
  "recall_mean": 0.8633210934312526,
  "recall_std": 0.024400494097786232,
  "recall_values": [
    0.8604651162790697,
    0.9064327485380117,
    0.8596491228070176,
    0.8596491228070176,
    0.8304093567251462
  ],
  "accuracy_mean": 0.9304944497579921,
  "accuracy_std": 0.010433122132885109,
  "accuracy_values": [
    0.9327956989247311,
    0.9487870619946092,
    0.9299191374663073,
    0.9191374663072777,
    0.921832884097035
  ],
  "cv_folds": 5,
  "cv_type": "cross_validation",
  "preprocessing": {
    "original_samples": 2000,
    "final_samples": 1856,
    "removed_samples": 144,
    "removal_rate": 0.072
  },
  "processing_method": "standard"
}