{
  "auc_roc_mean": 0.995497798791212,
  "auc_roc_std": 0.0005230012019429228,
  "auc_roc_values": [
    0.9949018047820443,
    0.9954164691006796,
    0.996175122490912
  ],
  "precision_mean": 0.9786137942721572,
  "precision_std": 0.0058529223707547845,
  "precision_values": [
    0.9857651245551602,
    0.9714285714285714,
    0.9786476868327402
  ],
  "recall_mean": 0.9626099047151678,
  "recall_std": 0.005999973308152961,
  "recall_values": [
    0.9685314685314685,
    0.9543859649122807,
    0.9649122807017544
  ],
  "f1_mean": 0.970545205858658,
  "f1_std": 0.005873840166499551,
  "f1_values": [
    0.9770723104056437,
    0.9628318584070795,
    0.9717314487632509
  ],
  "accuracy_mean": 0.9730539026342346,
  "accuracy_std": 0.005364703318881794,
  "accuracy_values": [
    0.9790322580645161,
    0.9660194174757282,
    0.9741100323624595
  ],
  "cv_folds": 3,
  "cv_type": "cross_validation",
  "preprocessing": {
    "original_samples": 2000,
    "final_samples": 1856,
    "removed_samples": 144,
    "removal_rate": 0.072
  },
  "processing_method": "standard"
}